{
    "french": 0.43529411764705883,
    "italian": 0.4588235294117647,
    "latin": 0.5529411764705883,
    "portuguese": 0.4470588235294118,
    "romanian": 0.47058823529411764,
    "spanish": 0.43529411764705883
}