{
    "albanian": {
        "influence": {
            "01_Subject Verb": 2255.066666666814,
            "06_Subject Object Verb": 1793.800000000245,
            "11_Adposition Noun_Phrase": 2257.0666666668117,
            "12_Noun_Phrase Adposition": 2258.06666666681,
            "13_Adjective Noun": 1796.8000000002457,
            "15_Numeral Noun": 2260.0666666668085,
            "17_Demonstrative Noun": 2261.066666666808,
            "19_Possessor Noun": 1799.8000000002462,
            "21_Pronominal Possessor Noun": 1800.8000000002462,
            "A 01_Attributive Adjective Agreement": 2264.066666666804,
            "A 02_Predicate Adjective Agreement": 2265.0666666668026,
            "Neg 01_Standard Negation is Particle that Precedes the Verb": 2266.066666666802,
            "Neg 03_Standard Negation is Prefix": 1804.8000000002469,
            "Neg 04_Standard Negation is Suffix": 1805.8000000002473,
            "Neg 07_Standard Negation is Tone": 1806.8000000002478,
            "Neg 08_Standard Negation is Tone plus Other Modification": 1807.8000000002482,
            "Neg 09_Standard Negation is Reduplication": 1808.8000000002485,
            "Neg 10_Standard Negation is Infix": 1809.8000000002487,
            "Neg 12_Distinct Negation of identity": 1810.800000000249,
            "Neg 13_Distinct Negation of Existence": 1811.8000000002492,
            "Neg 14_Distinct Negation of Location": 1812.8000000002494,
            "Order N3 01_ Demonstrative Adjective Noun": 2276.066666666792
        },
        "influence_prob": {
            "01_Subject Verb": 0.041142593031815035,
            "06_Subject Object Verb": 0.0327270073525432,
            "11_Adposition Noun_Phrase": 0.04117908205774045,
            "12_Noun_Phrase Adposition": 0.041197326570703144,
            "13_Adjective Noun": 0.032781740891431384,
            "15_Numeral Noun": 0.041233815596628566,
            "17_Demonstrative Noun": 0.04125206010959129,
            "19_Possessor Noun": 0.032836474430319576,
            "21_Pronominal Possessor Noun": 0.032854718943282304,
            "A 01_Attributive Adjective Agreement": 0.04130679364847939,
            "A 02_Predicate Adjective Agreement": 0.04132503816144209,
            "Neg 01_Standard Negation is Particle that Precedes the Verb": 0.04134328267440481,
            "Neg 03_Standard Negation is Prefix": 0.03292769699513322,
            "Neg 04_Standard Negation is Suffix": 0.032945941508095954,
            "Neg 07_Standard Negation is Tone": 0.03296418602105869,
            "Neg 08_Standard Negation is Tone plus Other Modification": 0.032982430534021424,
            "Neg 09_Standard Negation is Reduplication": 0.03300067504698415,
            "Neg 10_Standard Negation is Infix": 0.03301891955994689,
            "Neg 12_Distinct Negation of identity": 0.03303716407290962,
            "Neg 13_Distinct Negation of Existence": 0.033055408585872345,
            "Neg 14_Distinct Negation of Location": 0.033073653098835074,
            "Order N3 01_ Demonstrative Adjective Noun": 0.041525727804031895
        },
        "n_noise": 54811,
        "stability": 0.20452099031216361
    },
    "greek": {
        "influence": {
            "01_Subject Verb": 2386.7333333333554,
            "06_Subject Object Verb": 1922.8000000002648,
            "11_Adposition Noun_Phrase": 2388.7333333333545,
            "12_Noun_Phrase Adposition": 1924.8000000002653,
            "13_Adjective Noun": 2390.733333333353,
            "15_Numeral Noun": 2391.733333333352,
            "17_Demonstrative Noun": 2392.7333333333513,
            "19_Possessor Noun": 1928.8000000002658,
            "21_Pronominal Possessor Noun": 1929.8000000002662,
            "A 01_Attributive Adjective Agreement": 2395.7333333333504,
            "A 02_Predicate Adjective Agreement": 2396.73333333335,
            "Neg 01_Standard Negation is Particle that Precedes the Verb": 2397.733333333349,
            "Neg 03_Standard Negation is Prefix": 1933.8000000002676,
            "Neg 04_Standard Negation is Suffix": 1934.800000000268,
            "Neg 07_Standard Negation is Tone": 1935.8000000002683,
            "Neg 08_Standard Negation is Tone plus Other Modification": 1936.8000000002685,
            "Neg 09_Standard Negation is Reduplication": 1937.8000000002687,
            "Neg 10_Standard Negation is Infix": 1938.8000000002692,
            "Neg 12_Distinct Negation of identity": 1939.8000000002694,
            "Neg 13_Distinct Negation of Existence": 1940.8000000002696,
            "Neg 14_Distinct Negation of Location": 1941.80000000027,
            "Order N3 01_ Demonstrative Adjective Noun": 2407.7333333333436
        },
        "influence_prob": {
            "01_Subject Verb": 0.04354478723857173,
            "06_Subject Object Verb": 0.03508054952473527,
            "11_Adposition Noun_Phrase": 0.04358127626449717,
            "12_Noun_Phrase Adposition": 0.03511703855066073,
            "13_Adjective Noun": 0.0436177652904226,
            "15_Numeral Noun": 0.04363600980338531,
            "17_Demonstrative Noun": 0.04365425431634802,
            "19_Possessor Noun": 0.03519001660251164,
            "21_Pronominal Possessor Noun": 0.03520826111547438,
            "A 01_Attributive Adjective Agreement": 0.043708987855236185,
            "A 02_Predicate Adjective Agreement": 0.0437272323681989,
            "Neg 01_Standard Negation is Particle that Precedes the Verb": 0.04374547688116161,
            "Neg 03_Standard Negation is Prefix": 0.03528123916732531,
            "Neg 04_Standard Negation is Suffix": 0.03529948368028805,
            "Neg 07_Standard Negation is Tone": 0.035317728193250776,
            "Neg 08_Standard Negation is Tone plus Other Modification": 0.035335972706213505,
            "Neg 09_Standard Negation is Reduplication": 0.03535421721917624,
            "Neg 10_Standard Negation is Infix": 0.03537246173213897,
            "Neg 12_Distinct Negation of identity": 0.035390706245101704,
            "Neg 13_Distinct Negation of Existence": 0.03540895075806443,
            "Neg 14_Distinct Negation of Location": 0.03542719527102717,
            "Order N3 01_ Demonstrative Adjective Noun": 0.043927922010788774
        },
        "n_noise": 54811,
        "stability": 0.1523051942128405
    },
    "hittite": {
        "influence": {
            "01_Subject Verb": 52.5000000000001,
            "06_Subject Object Verb": 53.5000000000001,
            "11_Adposition Noun_Phrase": 54.50000000000011,
            "12_Noun_Phrase Adposition": 55.50000000000012,
            "13_Adjective Noun": 56.50000000000013,
            "15_Numeral Noun": 57.50000000000013,
            "17_Demonstrative Noun": 58.500000000000135,
            "19_Possessor Noun": 59.50000000000014,
            "21_Pronominal Possessor Noun": 60.50000000000015,
            "A 01_Attributive Adjective Agreement": 61.500000000000156,
            "A 02_Predicate Adjective Agreement": 62.500000000000156,
            "Neg 01_Standard Negation is Particle that Precedes the Verb": 63.50000000000016,
            "Neg 03_Standard Negation is Prefix": 135.16666666666623,
            "Neg 04_Standard Negation is Suffix": 136.16666666666623,
            "Neg 07_Standard Negation is Tone": 137.16666666666623,
            "Neg 08_Standard Negation is Tone plus Other Modification": 138.1666666666662,
            "Neg 09_Standard Negation is Reduplication": 139.16666666666617,
            "Neg 10_Standard Negation is Infix": 140.16666666666617,
            "Neg 12_Distinct Negation of identity": 141.16666666666617,
            "Neg 13_Distinct Negation of Existence": 142.16666666666617,
            "Neg 14_Distinct Negation of Location": 143.16666666666615,
            "Order N3 01_ Demonstrative Adjective Noun": 73.50000000000004
        },
        "influence_prob": {
            "01_Subject Verb": 0.000957836930543141,
            "06_Subject Object Verb": 0.0009760814435058674,