{
    "french": {
        "french": 0,
        "italian": 0.09883312350832174,
        "latin": 0.6869859295193496,
        "portuguese": 0.0739744669106433,
        "romanian": 0.23748545034597204,
        "spanish": 0.10061702904540848
    },
    "italian": {
        "french": 0.09883312350832174,
        "italian": 0,
        "latin": 0.5267784161573549,
        "portuguese": 0.02374084581211193,
        "romanian": 0.180652106161197,
        "spanish": 0.047601673952109506
    },
    "latin": {
        "french": 0.6869859295193496,
        "italian": 0.5267784161573549,
        "latin": 0,
        "portuguese": 0.5611567282137191,
        "romanian": 0.41836813520063865,
        "spanish": 0.5132577377684894
    },
    "portuguese": {
        "french": 0.0739744669106433,
        "italian": 0.02374084581211193,
        "latin": 0.5611567282137191,
        "portuguese": 0,
        "romanian": 0.15210015725267514,
        "spanish": 0.023860828139996584
    },
    "romanian": {
        "french": 0.23748545034597204,
        "italian": 0.180652106161197,
        "latin": 0.41836813520063865,
        "portuguese": 0.15210015725267514,
        "romanian": 0,
        "spanish": 0.12365030769717274
    },
    "spanish": {
        "french": 0.10061702904540848,
        "italian": 0.047601673952109506,
        "latin": 0.5132577377684894,
        "portuguese": 0.023860828139996584,
        "romanian": 0.12365030769717274,
        "spanish": 0
    }
}